"0","pred_val = model_predict(model,testdata, type=""vector"")
pred_val = model_predict(model,testdata, type=""vector"")
write.csv(pred_val,file=""TestPred.csv"")
myoutput = read.csv(""TestPred.csv"", header =T)
str(myoutput)
"
"1","'data.frame':	"
"1","11015"
"1"," obs. of  "
"1","2"
"1"," variable"
"1","s"
"1",":"
"1","
"
"1"," "
"1","$ "
"1","X"
"1",":"
"1"," int  "
"1","1 2 3 4 5 6 7 8 9 10"
"1"," ..."
"1","
"
"1"," "
"1","$ "
"1","x"
"1",":"
"1"," Factor w/ 2 levels ""functional"",""non functional"": "
"1","2 2 1 2 1 2 1 1 1 2"
"1"," ..."
"1","
"
"0","str(myoutput)"
"1","'data.frame':	"
"1","11015"
"1"," obs. of  "
"1","2"
"1"," variable"
"1","s"
"1",":"
"1","
"
"1"," "
"1","$ "
"1","X"
"1",":"
"1"," int  "
"1","1 2 3 4 5 6 7 8 9 10"
"1"," ..."
"1","
"
"1"," "
"1","$ "
"1","x"
"1",":"
"1"," Factor w/ 2 levels ""functional"",""non functional"": "
"1","2 2 1 2 1 2 1 1 1 2"
"1"," ..."
"1","
"
"0","test_index = read.csv(""test.csv"", header= T)"
"0","myoutput$X =NULL"
"0","str(myoutput)"
"1","'data.frame':	"
"1","11015"
"1"," obs. of  "
"1","1"
"1"," variable"
"1",":"
"1","
"
"1"," "
"1","$ "
"1","x"
"1",":"
"1"," Factor w/ 2 levels ""functional"",""non functional"": "
"1","2 2 1 2 1 2 1 1 1 2"
"1"," ..."
"1","
"
"0","myoutput = cbind(test_index$Id, myoutput)  "
"0","str(myoutput)"
"1","'data.frame':	"
"1","11015"
"1"," obs. of  "
"1","2"
"1"," variable"
"1","s"
"1",":"
"1","
"
"1"," "
"1","$ "
"1","test_index$Id"
"1",":"
"1"," int  "
"1","31547 34980 54744 20884 42440 60836 14809 38827 48963 37423"
"1"," ..."
"1","
"
"1"," "
"1","$ "
"1","x            "
"1",":"
"1"," Factor w/ 2 levels ""functional"",""non functional"": "
"1","2 2 1 2 1 2 1 1 1 2"
"1"," ..."
"1","
"
"0","head(myoutput)"
