{"chunk_definitions":[{"chunk_id":"crpnewvlcssq9","chunk_label":"unnamed-chunk-1","document_id":"8F6A7C9C","expansion_state":0,"options":{"engine":"r","label":"unnamed-chunk-1"},"row":11,"row_count":1,"visible":true},{"chunk_id":"cug18qjkgqx71","chunk_label":"unnamed-chunk-2","document_id":"8F6A7C9C","expansion_state":0,"options":{"engine":"r","label":"unnamed-chunk-2","message":false},"row":37,"row_count":1,"visible":true},{"chunk_id":"c9mrec9yq04x2","chunk_label":"unnamed-chunk-3","document_id":"8F6A7C9C","expansion_state":0,"options":{"engine":"r","label":"unnamed-chunk-13"},"row":197,"row_count":1,"visible":true},{"chunk_id":"cx8co54yvksp6","chunk_label":"unnamed-chunk-4","document_id":"8F6A7C9C","expansion_state":0,"options":{"echo":false,"engine":"r","label":"unnamed-chunk-14"},"row":208,"row_count":1,"visible":true},{"chunk_id":"chtd5c29cutae","chunk_label":"unnamed-chunk-6","document_id":"8F6A7C9C","expansion_state":0,"options":{"engine":"r","label":"unnamed-chunk-15"},"row":234,"row_count":1,"visible":true},{"chunk_id":"cm80kf7dmf9vh","chunk_label":"unnamed-chunk-8","document_id":"8F6A7C9C","expansion_state":0,"options":{"engine":"r","label":"unnamed-chunk-16"},"row":247,"row_count":1,"visible":true},{"chunk_id":"ck14vno6avxpk","chunk_label":"unnamed-chunk-10","document_id":"8F6A7C9C","expansion_state":0,"options":{"engine":"r","label":"unnamed-chunk-21"},"row":283,"row_count":1,"visible":true},{"chunk_id":"c062w4rx5e1ib","chunk_label":"unnamed-chunk-13","document_id":"8F6A7C9C","expansion_state":0,"options":{"engine":"r","label":"unnamed-chunk-30"},"row":355,"row_count":1,"visible":true},{"chunk_id":"c44djt12zhyer","chunk_label":"unnamed-chunk-14","document_id":"8F6A7C9C","expansion_state":0,"options":{"engine":"r","label":"unnamed-chunk-35"},"row":383,"row_count":1,"visible":true},{"chunk_id":"cl8u3xxo4h5nb","chunk_label":"unnamed-chunk-15","document_id":"8F6A7C9C","expansion_state":0,"options":{"engine":"r","label":"unnamed-chunk-45"},"row":417,"row_count":1,"visible":true},{"chunk_id":"c7faya55ikmw4","chunk_label":"unnamed-chunk-16","document_id":"8F6A7C9C","expansion_state":0,"options":{"engine":"r","label":"unnamed-chunk-52"},"row":442,"row_count":1,"visible":true},{"chunk_id":"c6njevtetbt33","chunk_label":"unnamed-chunk-22","document_id":"8F6A7C9C","expansion_state":0,"options":{"engine":"r","label":"unnamed-chunk-55"},"row":482,"row_count":1,"visible":true},{"chunk_id":"c0ubcscoel92q","chunk_label":"unnamed-chunk-23","document_id":"8F6A7C9C","expansion_state":0,"options":{"engine":"r","label":"unnamed-chunk-57"},"row":492,"row_count":1,"visible":true},{"chunk_id":"cazsb9h9gaso7","chunk_label":"unnamed-chunk-25","document_id":"8F6A7C9C","expansion_state":0,"options":{"engine":"r","label":"unnamed-chunk-58"},"row":511,"row_count":1,"visible":true},{"chunk_id":"ct8l9khe793mu","chunk_label":"unnamed-chunk-26","document_id":"8F6A7C9C","expansion_state":0,"options":{"engine":"r","label":"unnamed-chunk-60"},"row":519,"row_count":1,"visible":true},{"chunk_id":"cn4sopbnujnxh","chunk_label":"unnamed-chunk-27","document_id":"8F6A7C9C","expansion_state":0,"options":{"engine":"r","label":"unnamed-chunk-69"},"row":537,"row_count":1,"visible":true},{"chunk_id":"crusbxzd1wph1","chunk_label":"unnamed-chunk-28","document_id":"8F6A7C9C","expansion_state":0,"options":{"engine":"r","label":"unnamed-chunk-77"},"row":553,"row_count":1,"visible":true},{"chunk_id":"chx4dpdrv71jj","chunk_label":"unnamed-chunk-29","document_id":"8F6A7C9C","expansion_state":0,"options":{"engine":"r","label":"unnamed-chunk-81"},"row":569,"row_count":1,"visible":true},{"chunk_id":"c2wi1u6m9moys","chunk_label":"unnamed-chunk-30","document_id":"8F6A7C9C","expansion_state":0,"options":{"engine":"r","label":"unnamed-chunk-82"},"row":576,"row_count":1,"visible":true},{"chunk_id":"cjvlhy21ky2bq","chunk_label":"unnamed-chunk-31","document_id":"8F6A7C9C","expansion_state":0,"options":{"engine":"r","label":"unnamed-chunk-84"},"row":587,"row_count":1,"visible":true},{"chunk_id":"c1zzs8k0ptowm","chunk_label":"unnamed-chunk-32","document_id":"8F6A7C9C","expansion_state":0,"options":{"engine":"r","label":"unnamed-chunk-162"},"row":657,"row_count":1,"visible":true},{"chunk_id":"coz1tsmkj12mo","chunk_label":"unnamed-chunk-33","document_id":"8F6A7C9C","expansion_state":0,"options":{"engine":"r","label":"unnamed-chunk-105"},"row":686,"row_count":1,"visible":true},{"chunk_id":"c3ty6ew1smzjq","chunk_label":"unnamed-chunk-34","document_id":"8F6A7C9C","expansion_state":0,"options":{"engine":"r","label":"unnamed-chunk-169"},"row":714,"row_count":1,"visible":true},{"chunk_id":"ct0eu2w2bc9ee","chunk_label":"unnamed-chunk-35","document_id":"8F6A7C9C","expansion_state":0,"options":{"engine":"r","label":"unnamed-chunk-125"},"row":737,"row_count":1,"visible":true}],"doc_write_time":1526730781}